<?xml version="1.0" encoding="UTF-8"?>
<!DOCTYPE mapper PUBLIC "-//mybatis.org//DTD Mapper 3.0//EN" "http://mybatis.org/dtd/mybatis-3-mapper.dtd">
<mapper namespace="com.example.exercise.mapper.TableOneMapper">
    <!--Article对应的数据-->
    <resultMap id="TableOne" type="com.example.exercise.pojo.TableOne">
        <id column="id" property="id" jdbcType="INTEGER"/>
        <result column="Class_" property="Class_" jdbcType="VARCHAR"/>
    </resultMap>
    <insert id="addTableOne" parameterType="com.example.exercise.pojo.TableOne">
        insert into table_one values(#{id},#{Class_},#{name})
    </insert>
    <select id="getTableOneById" resultType="com.example.exercise.pojo.TableOne">
        SELECT * FROM table_one WHERE id = #{id};
    </select>
</mapper>